dept,year,attendance_percentage,study_hour,mid_term_score,final_score,projects_completed,backlogs,placement_status
CE,1st,84.0,4.3,67.9,84.3,2.0,0,Placed
CSE,3rd,75.2,5.0,71.4,69.9,2.0,0,Not Placed
IT,2nd,80.9,1.1,25.2,32.7,1.0,0,Not Eligible
IT,1st,81.8,3.2,33.0,44.7,3.0,1,Not Eligible
CE,1st,79.5,3.6,49.6,66.7,3.0,0,Not Placed
ME,4th,70.4,4.5,45.9,65.1,1.0,0,Not Placed
CSE,1st,100.0,6.6,83.5,100.0,1.0,0,Placed
CSE,2nd,59.0,3.7,57.5,61.0,0.0,0,Not Placed
IT,1st,85.0,6.1,80.7,92.0,2.0,0,Placed
ME,2nd,70.5,5.1,69.5,68.9,2.0,0,Not Placed
CE,4th,92.2,2.9,65.8,69.9,1.0,2,Not Placed
IT,4th,77.1,4.4,74.5,53.2,4.0,0,Not Eligible
ME,3rd,61.0,6.4,71.7,76.9,2.0,1,Not Placed
CSE,2nd,60.1,4.1,45.3,58.1,4.0,2,Not Eligible
CE,4th,79.2,6.2,62.7,73.3,2.0,2,Not Placed
ECE,3rd,60.4,1.0,36.1,34.0,2.0,0,Not Eligible
IT,2nd,76.1,5.2,81.7,82.1,3.0,1,Not Placed
ECE,1st,77.1,1.0,39.9,43.7,6.0,0,Not Eligible
CSE,4th,83.7,4.0,53.9,60.5,3.0,0,Not Placed
CSE,3rd,77.9,6.6,78.9,91.7,1.0,0,Placed
ECE,3rd,,7.0,72.4,88.5,2.0,0,Placed
CSE,4th,89.1,4.7,60.9,59.1,3.0,1,Not Eligible
ME,1st,67.0,7.3,62.5,74.6,4.0,1,Not Placed
EEE,1st,63.2,1.6,39.1,43.8,4.0,0,Not Eligible
ME,3rd,93.6,2.9,64.2,76.8,3.0,0,Placed
CE,3rd,88.2,5.0,60.0,87.0,3.0,1,Not Placed
ME,2nd,66.3,5.9,73.9,70.6,4.0,1,Not Placed
CE,1st,83.0,4.1,52.4,56.2,1.0,1,Not Eligible
CSE,2nd,81.3,6.0,69.7,90.8,2.0,0,Placed
ECE,1st,100.0,2.8,70.2,71.6,2.0,0,Placed
IT,1st,75.3,5.8,70.5,76.7,1.0,1,Not Placed
EEE,3rd,59.8,4.9,41.4,56.6,3.0,1,Not Eligible
EEE,3rd,78.7,2.4,52.2,59.9,4.0,0,Not Placed
IT,3rd,90.6,6.1,68.3,83.6,3.0,1,Not Placed
ECE,2nd,95.2,4.5,80.9,90.2,3.0,0,Placed
CE,3rd,80.1,3.1,50.7,53.9,3.0,0,Not Eligible
CE,1st,56.5,5.1,49.3,59.8,1.0,1,Not Eligible
ME,2nd,74.0,5.5,50.8,85.0,5.0,1,Not Placed
ME,2nd,78.2,5.3,74.8,73.1,2.0,0,Placed
IT,4th,58.0,5.4,64.5,58.7,2.0,0,Not Eligible
EEE,3rd,81.8,1.6,55.1,64.5,3.0,1,Not Placed
CE,2nd,97.8,3.2,48.8,59.8,5.0,0,Not Placed
CE,3rd,45.0,2.7,32.6,28.4,5.0,1,Not Eligible
CSE,2nd,60.8,7.1,52.1,79.0,3.0,1,Not Placed
CSE,3rd,80.4,3.4,55.6,58.4,3.0,0,Not Placed
EEE,3rd,85.9,3.4,78.5,79.8,3.0,0,Placed
CSE,2nd,81.4,3.4,53.2,56.6,2.0,0,Not Placed
ME,3rd,88.2,6.2,88.3,93.9,3.0,1,Not Placed
IT,4th,84.6,3.2,37.8,43.1,1.0,2,Not Eligible
EEE,4th,91.9,6.0,82.5,98.7,3.0,0,Placed
IT,3rd,75.1,6.0,64.1,69.9,5.0,0,Not Placed
IT,2nd,90.8,2.7,43.6,64.6,4.0,2,Not Eligible
CE,3rd,69.6,4.5,35.2,67.2,2.0,0,Not Placed
CE,4th,87.6,5.2,62.4,67.3,3.0,0,Not Placed
ME,4th,72.8,,65.3,77.4,4.0,3,Not Eligible
ECE,2nd,72.3,1.0,53.7,46.5,2.0,0,Not Eligible
IT,4th,81.9,3.0,58.5,74.0,2.0,0,Placed
CSE,1st,82.8,3.9,63.3,68.5,4.0,1,Not Placed
CSE,2nd,83.7,4.6,85.7,85.4,2.0,1,Not Placed
CE,2nd,100.0,4.3,78.4,69.8,4.0,0,Placed
CE,4th,52.5,3.6,35.8,46.6,3.0,0,Not Eligible
ME,1st,100.0,5.5,85.0,95.4,5.0,0,Placed
EEE,4th,92.2,3.7,44.7,71.0,2.0,0,Placed
ME,4th,92.9,4.3,64.9,75.0,3.0,3,Not Eligible
ME,3rd,74.2,1.6,28.5,43.5,4.0,0,Not Eligible
ME,1st,96.5,5.1,64.0,88.9,3.0,1,Not Placed
CE,1st,100.0,7.7,84.9,100.0,3.0,1,Not Placed
CE,3rd,94.4,6.4,60.1,69.8,0.0,1,Not Placed
CE,3rd,96.0,4.6,84.8,73.8,0.0,0,Placed
CSE,3rd,77.3,4.5,63.6,78.1,0.0,0,Placed
EEE,2nd,82.4,2.8,47.3,47.0,2.0,1,Not Eligible
EEE,1st,89.5,3.5,51.6,61.3,1.0,0,Not Placed
CE,3rd,78.7,1.0,39.9,44.0,3.0,0,Not Eligible
ME,2nd,92.5,4.3,63.1,76.8,4.0,0,Placed
ME,1st,71.4,2.3,68.5,58.8,2.0,1,Not Eligible
CE,3rd,51.7,6.0,46.4,60.4,4.0,1,Not Eligible
CE,2nd,96.3,1.0,40.7,41.2,2.0,0,Not Eligible
IT,3rd,77.4,3.3,42.2,67.1,4.0,1,Not Placed
IT,1st,78.9,2.9,66.7,69.0,1.0,0,Not Placed
ME,3rd,75.7,7.0,59.5,61.4,4.0,2,Not Eligible
EEE,1st,70.2,3.6,45.5,47.8,3.0,0,Not Eligible
CSE,3rd,68.0,5.2,58.4,68.9,3.0,0,Not Placed
ECE,2nd,84.0,2.7,53.6,64.6,0.0,1,Not Placed
CSE,2nd,84.5,3.1,37.0,39.0,3.0,0,Not Eligible
ME,1st,59.7,5.9,47.9,64.6,6.0,0,Not Placed
CSE,4th,58.7,3.0,39.1,54.3,2.0,0,Not Eligible
CSE,2nd,91.3,5.9,66.3,99.0,0.0,3,Not Placed
IT,4th,65.6,4.8,56.8,67.9,5.0,1,Not Placed
ME,2nd,70.9,5.6,,67.3,3.0,1,Not Placed
ECE,4th,90.4,4.0,72.2,72.7,4.0,0,Placed
IT,2nd,55.6,3.9,46.7,66.3,3.0,0,Not Placed
CE,3rd,75.4,6.1,68.4,70.4,3.0,2,Not Eligible
EEE,3rd,82.1,3.8,64.2,86.0,3.0,0,Placed
EEE,4th,81.0,2.5,42.0,63.3,3.0,1,Not Eligible
CSE,2nd,93.4,3.7,58.1,62.8,4.0,1,Not Placed
IT,1st,89.7,1.6,52.0,46.4,2.0,2,Not Eligible
ECE,1st,85.9,4.4,65.7,62.9,6.0,0,Not Placed
ME,2nd,79.6,7.7,84.1,94.5,3.0,0,Placed
ME,2nd,100.0,6.9,98.9,98.0,1.0,2,Not Placed
CSE,1st,76.5,9.0,89.2,95.0,2.0,0,Placed
CE,1st,65.9,1.5,46.1,46.1,1.0,1,Not Eligible
IT,1st,62.5,4.0,35.1,47.2,2.0,1,Not Eligible
CSE,3rd,75.2,5.8,84.2,93.1,2.0,0,Placed
CSE,2nd,64.7,4.5,55.4,56.5,3.0,1,Not Eligible
ECE,4th,76.6,4.8,86.6,72.8,5.0,0,Placed
IT,2nd,46.1,6.7,36.9,54.0,2.0,2,Not Eligible
CE,4th,88.0,2.1,47.5,53.6,3.0,1,Not Eligible
IT,4th,68.7,3.2,41.2,51.4,2.0,0,Not Eligible
EEE,2nd,63.3,5.8,58.0,65.0,4.0,1,Not Eligible
CSE,1st,83.3,2.6,57.9,64.9,2.0,0,Not Placed
CE,4th,58.0,7.7,56.0,66.8,4.0,0,Not Placed
ECE,4th,57.0,2.2,55.3,34.0,5.0,0,Not Eligible
EEE,4th,89.7,4.4,61.2,81.4,6.0,0,Placed
CE,1st,86.1,4.8,63.3,72.5,3.0,0,Placed
CE,1st,58.4,5.5,76.6,80.6,2.0,0,Placed
CSE,4th,84.3,5.0,75.3,92.0,4.0,0,Placed
CE,3rd,76.1,6.0,71.1,59.6,2.0,1,Not Eligible
CSE,2nd,80.4,1.8,38.1,57.1,1.0,0,Not Placed
IT,2nd,66.6,9.0,84.4,96.3,1.0,0,Placed
ME,4th,86.4,5.6,54.5,71.2,,1,Not Placed
IT,4th,73.8,4.9,62.0,66.4,5.0,0,Not Placed
IT,3rd,77.4,5.8,61.1,78.2,4.0,0,Placed
EEE,2nd,56.8,6.6,48.7,63.1,4.0,2,Not Eligible
CSE,4th,79.4,6.0,73.3,79.9,0.0,0,Placed
ME,1st,87.8,4.7,69.8,73.9,4.0,1,Not Placed
CSE,1st,77.0,2.0,50.7,44.3,4.0,1,Not Eligible
CSE,2nd,83.0,1.0,36.3,51.2,4.0,1,Not Eligible
IT,4th,81.4,5.8,69.0,87.8,1.0,0,Placed
EEE,4th,100.0,3.8,61.4,82.5,5.0,0,Placed
IT,4th,71.7,4.0,46.2,49.0,1.0,0,Not Eligible
CSE,2nd,77.6,4.9,77.4,69.7,4.0,1,Not Placed
EEE,1st,75.4,2.5,51.5,55.9,3.0,1,Not Eligible
EEE,3rd,70.3,3.5,44.7,49.5,2.0,0,Not Eligible
EEE,3rd,92.3,3.8,50.7,70.0,4.0,0,Placed
EEE,4th,71.4,5.6,65.0,60.6,5.0,0,Not Placed
IT,2nd,99.6,3.8,71.6,80.2,4.0,1,Not Placed
ECE,2nd,57.0,2.2,46.6,38.7,1.0,0,Not Eligible
CSE,1st,77.9,3.6,57.1,62.3,4.0,0,Not Placed
CE,3rd,92.5,5.1,82.9,75.9,0.0,2,Not Placed
CSE,1st,83.6,6.0,75.7,91.3,4.0,1,Not Placed
ME,4th,76.0,4.8,72.7,68.0,3.0,1,Not Placed
CE,4th,92.2,2.9,65.8,69.9,1.0,2,Not Placed
CE,3rd,80.1,3.1,50.7,53.9,3.0,0,Not Eligible
CE,3rd,94.4,6.4,60.1,69.8,0.0,1,Not Placed
EEE,3rd,82.1,3.8,64.2,86.0,3.0,0,Placed
CE,2nd,71.7,7.3,71.8,78.6,5.0,0,Placed
EEE,1st,63.2,4.2,58.0,69.5,4.0,0,Not Placed
ME,2nd,93.7,5.7,72.5,97.2,1.0,0,Placed
ME,1st,88.8,4.1,55.4,60.9,3.0,0,Not Placed
ME,1st,75.2,4.4,69.2,73.7,3.0,2,Not Placed
